State,Account Length,Area Code,Phone,Int'l Plan,VMail Plan,VMail Message,Day Mins,Day Calls,Day Charge,Total Charge,Eve Mins,Eve Calls,Eve Charge,Night Mins,Night Calls,Night Charge,Intl Mins,Intl Calls,Intl Charge,CustServ Calls,Churn?,Record Date
KS,128,415,382-4657,no,yes,25,265.1,110,45.07,75.56,197.4,99,16.78,244.7,91,11.01,10,3,2.7,1,False.,2020-08-24
OH,107,415,371-7191,no,yes,26,161.6,123,27.47,59.24,195.5,103,16.62,254.4,103,11.45,13.7,3,3.7,1,False.,2019-09-23
NJ,137,415,358-1921,no,no,0,243.4,114,41.38,62.29,121.2,110,10.3,162.6,104,7.32,12.2,5,3.29,0,False.,2020-03-09
OH,84,408,375-9999,yes,no,0,299.4,71,50.9,66.8,61.9,88,5.26,196.9,89,8.86,6.6,7,1.78,2,False.,2019-07-08
OK,75,415,330-6626,yes,no,0,166.7,113,28.34,52.09,148.3,122,12.61,186.9,121,8.41,10.1,3,2.73,3,False.,2020-02-14
AL,118,510,391-8027,yes,no,0,223.4,98,37.98,67.61,220.6,101,18.75,203.9,118,9.18,6.3,6,1.7,0,False.,2019-07-28
MA,121,510,355-9993,no,yes,24,218.2,88,37.09,78.31,348.5,108,29.62,212.6,118,9.57,7.5,7,2.03,3,False.,2019-06-07
MO,147,415,329-9001,yes,no,0,157,79,26.69,46.9,103.1,94,8.76,211.8,96,9.53,7.1,6,1.92,0,False.,2020-08-22
LA,117,408,335-4719,no,no,0,184.5,97,31.37,73.32,351.6,80,29.89,215.8,90,9.71,8.7,4,2.35,1,False.,2020-04-10
WV,141,415,330-8173,yes,yes,37,258.6,84,43.96,80.54,222,111,18.87,326.4,97,14.69,11.2,5,3.02,0,False.,2020-06-06
IN,65,415,329-6603,no,no,0,129.1,137,21.95,54.2,228.5,83,19.42,208.8,111,9.4,12.7,6,3.43,4,True.,2019-06-06
RI,74,415,344-9403,no,no,0,187.7,127,31.91,57.08,163.4,148,13.89,196,94,8.82,9.1,5,2.46,0,False.,2019-09-23
IA,168,408,363-1107,no,no,0,128.8,96,21.9,40.19,104.9,71,8.92,141.1,128,6.35,11.2,2,3.02,1,False.,2019-10-12
MT,95,510,394-8006,no,no,0,156.6,88,26.62,59.64,247.6,75,21.05,192.3,115,8.65,12.3,5,3.32,3,False.,2019-10-17
IA,62,415,366-9238,no,no,0,120.7,70,20.52,59.31,307.2,76,26.11,203,99,9.14,13.1,6,3.54,4,False.,2019-10-11
NY,161,415,351-7269,no,no,0,332.9,67,56.59,92.29,317.8,97,27.01,160.6,128,7.23,5.4,9,1.46,4,True.,2020-03-27
ID,85,408,350-8884,no,yes,27,196.4,139,33.39,65.02,280.9,90,23.88,89.3,75,4.02,13.8,4,3.73,1,False.,2020-05-19
VT,93,510,386-2923,no,no,0,190.7,114,32.42,58.99,218.2,111,18.55,129.6,121,5.83,8.1,3,2.19,3,False.,2019-07-03
VA,76,510,356-2992,no,yes,33,189.7,66,32.25,60.5,212.8,65,18.09,165.7,108,7.46,10,5,2.7,1,False.,2019-08-27
TX,73,415,373-2782,no,no,0,224.4,90,38.15,63.9,159.5,88,13.56,192.8,74,8.68,13,2,3.51,1,False.,2019-12-20
FL,147,415,396-5800,no,no,0,155.1,117,26.37,59,239.7,93,20.37,208.8,133,9.4,10.6,4,2.86,0,False.,2019-06-14
CO,77,408,393-7984,no,no,0,62.4,89,10.61,36.02,169.9,121,14.44,209.6,64,9.43,5.7,6,1.54,5,True.,2020-06-07
AZ,130,415,358-1958,no,no,0,183,112,31.11,48.06,72.9,99,6.2,181.8,78,8.18,9.5,19,2.57,0,False.,2019-07-18
SC,111,415,350-2565,no,no,0,110.4,103,18.77,41.05,137.3,102,11.67,189.6,105,8.53,7.7,6,2.08,2,False.,2019-08-07
VA,132,510,343-4696,no,no,0,81.1,86,13.79,48.08,245.2,72,20.84,237,115,10.67,10.3,2,2.78,0,False.,2020-10-23
NE,174,415,331-3698,no,no,0,124.3,76,21.13,60.15,277.1,112,23.55,250.7,115,11.28,15.5,5,4.19,3,False.,2019-10-21
WY,57,408,357-3817,no,yes,39,213,115,36.21,63.24,191.1,112,16.24,182.7,115,8.22,9.5,3,2.57,0,False.,2019-12-08
MT,54,408,418-6412,no,no,0,134.3,73,22.83,44.61,155.5,100,13.22,102.1,68,4.59,14.7,4,3.97,3,False.,2020-09-25
MO,20,415,353-2630,no,no,0,190,109,32.3,64.12,258.2,84,21.95,181.5,102,8.17,6.3,6,1.7,0,False.,2019-10-12
HI,49,510,410-7789,no,no,0,119.3,117,20.28,49.6,215.1,109,18.28,178.7,90,8.04,11.1,1,3,1,False.,2019-07-01
IL,142,415,416-8428,no,no,0,84.8,95,14.42,41.14,136.7,63,11.62,250.5,148,11.27,14.2,6,3.83,2,False.,2019-12-12
NH,75,510,370-3359,no,no,0,226.1,105,38.44,69.43,201.5,107,17.13,246.2,98,11.08,10.3,5,2.78,1,False.,2019-08-21
LA,172,408,383-1121,no,no,0,212,121,36.04,55.29,31.2,115,2.65,293.3,78,13.2,12.6,10,3.4,3,False.,2020-06-11
AZ,12,408,360-1596,no,no,0,249.6,118,42.43,79.68,252.4,119,21.45,280.2,90,12.61,11.8,3,3.19,1,True.,2020-08-13
OK,57,408,395-2854,no,yes,25,176.8,94,30.06,58.49,195,75,16.58,213.5,116,9.61,8.3,4,2.24,0,False.,2020-03-30
GA,72,415,362-1407,no,yes,37,220,80,37.4,66.72,217.3,102,18.47,152.8,71,6.88,14.7,6,3.97,3,False.,2019-12-26
AK,36,408,341-9764,no,yes,30,146.3,128,24.87,48.42,162.5,80,13.81,129.3,109,5.82,14.5,6,3.92,0,False.,2020-09-13
MA,78,415,353-3305,no,no,0,130.8,64,22.24,54.2,223.7,116,19.01,227.8,108,10.25,10,5,2.7,1,False.,2020-03-01
AK,136,415,402-1381,yes,yes,33,203.9,106,34.66,58.03,187.6,99,15.95,101.7,107,4.58,10.5,6,2.84,3,False.,2020-04-07
NJ,149,408,332-9891,no,no,0,140.4,94,23.87,58.44,271.8,92,23.1,188.3,108,8.47,11.1,9,3,1,False.,2020-03-04
GA,98,408,372-9976,no,no,0,126.3,102,21.47,46.64,166.8,85,14.18,187.8,135,8.45,9.4,2,2.54,3,False.,2020-05-12
MD,135,408,383-6029,yes,yes,41,173.1,85,29.43,56.2,203.9,107,17.33,122.2,78,5.5,14.6,15,3.94,0,True.,2020-06-17
AR,34,510,353-7289,no,no,0,124.8,82,21.22,61.93,282.2,98,23.99,311.5,78,14.02,10,4,2.7,2,False.,2020-06-25
ID,160,415,390-7274,no,no,0,85.8,77,14.59,39.15,165.3,110,14.05,178.5,92,8.03,9.2,4,2.48,3,False.,2019-07-28
WI,64,510,352-1237,no,no,0,154,67,26.18,58.26,225.8,118,19.19,265.3,86,11.94,3.5,3,0.95,1,False.,2020-02-12
OR,59,408,353-3061,no,yes,28,120.9,97,20.55,48.3,213,92,18.11,163.1,116,7.34,8.5,5,2.3,2,False.,2020-05-30
MI,65,415,363-5450,no,no,0,211.3,120,35.92,59.36,162.6,122,13.82,134.7,118,6.06,13.2,5,3.56,3,False.,2020-04-08
DE,142,408,364-1995,no,no,0,187,133,31.79,56.13,134.6,74,11.44,242.2,127,10.9,7.4,5,2,2,False.,2019-09-29
ID,119,415,398-1294,no,no,0,159.1,114,27.05,55.53,231.3,117,19.66,143.2,91,6.44,8.8,3,2.38,5,True.,2020-03-20
WY,97,415,405-7146,no,yes,24,133.2,135,22.64,47.25,217.2,58,18.46,70.6,79,3.18,11,3,2.97,1,False.,2020-09-28
IA,52,408,413-4957,no,no,0,191.9,108,32.62,68.32,269.8,96,22.93,236.8,87,10.66,7.8,5,2.11,3,False.,2019-06-10
IN,60,408,420-5645,no,no,0,220.6,57,37.5,68.49,211.1,115,17.94,249,129,11.21,6.8,3,1.84,1,False.,2019-11-23
VA,10,408,349-4396,no,no,0,186.1,112,31.64,63.62,190.2,66,16.17,282.8,57,12.73,11.4,6,3.08,2,False.,2020-11-03
UT,96,415,404-3211,no,no,0,160.2,117,27.23,62.76,267.5,67,22.74,228.5,68,10.28,9.3,5,2.51,2,False.,2019-12-22
WY,87,415,353-3759,no,no,0,151,83,25.67,56.14,219.7,116,18.67,203.9,127,9.18,9.7,3,2.62,5,True.,2019-07-08
IN,81,408,363-5947,no,no,0,175.5,67,29.84,65.94,249.3,85,21.19,270.2,98,12.16,10.2,3,2.75,1,False.,2020-03-23
CO,141,415,340-5121,no,no,0,126.9,98,21.57,45.37,180,62,15.3,140.8,128,6.34,8,2,2.16,1,False.,2019-06-13
CO,121,408,370-7574,no,yes,30,198.4,129,33.73,49.85,75.3,77,6.4,181.2,77,8.15,5.8,3,1.57,3,True.,2020-02-24
WI,68,415,403-9733,no,no,0,148.8,70,25.3,55.36,246.5,164,20.95,129.8,103,5.84,12.1,3,3.27,3,False.,2019-07-03
OK,125,408,355-7251,no,no,0,229.3,103,38.98,65.82,177.4,126,15.08,189.3,95,8.52,12,8,3.24,1,False.,2020-05-11
ID,174,408,359-5893,no,no,0,192.1,97,32.66,57.68,169.9,94,14.44,166.6,54,7.5,11.4,4,3.08,1,False.,2020-08-27
CA,116,415,405-3371,no,yes,34,268.6,83,45.66,71.42,178.2,142,15.15,166.3,106,7.48,11.6,3,3.13,2,False.,2020-08-06
MN,74,510,344-5117,no,yes,33,193.7,91,32.93,64,246.1,96,20.92,138,92,6.21,14.6,3,3.94,2,False.,2020-04-07
SD,149,408,332-8160,no,yes,28,180.7,92,30.72,62.03,187.8,64,15.96,265.5,53,11.95,12.6,3,3.4,3,False.,2019-08-19
NC,38,408,359-4081,no,no,0,131.2,98,22.3,45.51,162.9,97,13.85,159,106,7.15,8.2,6,2.21,2,False.,2019-09-07
WA,40,415,352-8305,no,yes,41,148.1,74,25.18,50.89,169.5,88,14.41,214.1,102,9.63,6.2,5,1.67,2,False.,2020-08-01
WY,43,415,329-9847,yes,no,0,251.5,105,42.76,70.46,212.8,104,18.09,157.8,67,7.1,9.3,4,2.51,0,False.,2019-06-23
MN,113,408,365-9011,yes,no,0,125.2,93,21.28,46.88,206.4,119,17.54,129.3,139,5.82,8.3,8,2.24,0,False.,2020-10-27
UT,126,408,338-9472,no,no,0,211.6,70,35.97,63.43,216.9,80,18.44,153.5,60,6.91,7.8,1,2.11,1,False.,2020-01-31
TX,150,510,374-8042,no,no,0,178.9,101,30.41,55.2,169.1,110,14.37,148.6,100,6.69,13.8,3,3.73,4,True.,2020-02-07
NJ,138,408,359-1231,no,no,0,241.8,93,41.11,72.08,170.5,83,14.49,295.3,104,13.29,11.8,7,3.19,3,False.,2020-04-16
MN,162,510,413-7170,no,yes,46,224.9,97,38.23,68.96,188.2,84,16,254.6,61,11.46,12.1,2,3.27,0,False.,2019-10-03
NM,147,510,415-2935,no,no,0,248.6,83,42.26,64.84,148.9,85,12.66,172.5,109,7.76,8,4,2.16,3,False.,2020-07-22
NV,90,415,399-4246,no,no,0,203.4,146,34.58,62.68,226.7,117,19.27,152.4,105,6.86,7.3,4,1.97,1,False.,2020-09-22
HI,85,415,362-5889,no,no,0,235.8,109,40.09,65.16,157.2,94,13.36,188.2,99,8.47,12,3,3.24,0,False.,2020-01-24
MN,50,415,350-8921,no,no,0,157.1,90,26.71,55.5,223.3,72,18.98,181.4,111,8.16,6.1,2,1.65,1,False.,2019-12-18
DC,82,415,374-5353,no,no,0,300.3,109,51.05,81.75,181,100,15.39,270.1,73,12.15,11.7,4,3.16,0,True.,2020-06-26
NY,144,408,360-1171,no,no,0,61.6,117,10.47,27.02,77.1,85,6.55,173,99,7.79,8.2,7,2.21,4,True.,2020-10-18
MN,46,415,355-8887,no,no,0,214.1,72,36.4,60.57,164.4,104,13.97,177.5,113,7.99,8.2,3,2.21,2,False.,2020-02-14
MD,70,408,333-1967,no,no,0,170.2,98,28.93,56.46,155.2,102,13.19,228.6,76,10.29,15,2,4.05,1,False.,2019-06-10
WV,144,415,354-4577,no,no,0,201.1,99,34.19,73.63,303.5,74,25.8,224,119,10.08,13.2,2,3.56,1,False.,2020-09-17
OR,116,415,331-7425,yes,no,0,215.4,104,36.62,69.96,204.8,79,17.41,278.5,109,12.53,12.6,5,3.4,3,False.,2019-06-09
CO,55,408,419-2637,no,yes,25,165.6,123,28.15,50.6,136.1,95,11.57,175.7,90,7.91,11,2,2.97,3,False.,2019-11-07
GA,70,415,411-1530,no,yes,24,249.5,101,42.42,77.16,259.7,98,22.07,222.7,68,10.02,9.8,4,2.65,1,False.,2020-11-03
TX,106,510,395-3026,no,no,0,210.6,96,35.8,68.94,249.2,85,21.18,191.4,88,8.61,12.4,1,3.35,2,True.,2020-08-01
VT,128,510,388-6441,no,yes,29,179.3,104,30.48,66.54,225.9,86,19.2,323,78,14.54,8.6,7,2.32,0,False.,2020-02-21
IN,94,408,402-1251,no,no,0,157.9,105,26.84,50.71,155,101,13.18,189.6,84,8.53,8,5,2.16,4,True.,2019-07-19
WV,111,510,412-9997,no,no,0,214.3,118,36.43,65.6,208.5,76,17.72,182.4,98,8.21,12,2,3.24,1,False.,2019-11-16
KY,74,415,346-7302,no,yes,35,154.1,104,26.2,48.72,123.4,84,10.49,202.1,57,9.09,10.9,9,2.94,2,False.,2020-06-30
NJ,128,415,358-9095,no,no,0,237.9,125,40.44,74.64,247.6,93,21.05,208.9,68,9.4,13.9,4,3.75,1,True.,2020-02-04
DC,82,510,400-9770,no,no,0,143.9,61,24.46,48.96,194.9,105,16.57,109.6,94,4.93,11.1,2,3,1,False.,2019-07-13
LA,155,415,334-1275,no,no,0,203.4,100,34.58,62.03,190.9,104,16.23,196,119,8.82,8.9,4,2.4,0,True.,2020-04-29
AR,80,415,340-4953,no,no,0,124.3,100,21.13,49.36,173,107,14.71,253.2,62,11.39,7.9,9,2.13,1,False.,2019-06-12
ME,78,415,400-9510,no,no,0,252.9,93,42.99,72.6,178.4,112,15.16,263.9,105,11.88,9.5,7,2.57,3,False.,2019-09-19
AZ,90,415,387-6103,no,no,0,179.1,71,30.45,55.26,190.6,81,16.2,127.7,91,5.75,10.6,7,2.86,3,False.,2020-06-17
AK,104,408,366-4467,no,no,0,278.4,106,47.33,64.21,81,113,6.89,163.2,137,7.34,9.8,5,2.65,1,False.,2020-07-22
MT,73,415,370-3450,no,no,0,160.1,110,27.22,56.69,213.3,72,18.13,174.1,72,7.83,13,4,3.51,0,False.,2020-07-13
AZ,99,415,327-3954,no,no,0,198.2,87,33.69,62.25,207.3,76,17.62,190.9,113,8.59,8.7,3,2.35,4,False.,2020-06-01
MS,120,408,355-6291,no,no,0,212.1,131,36.06,62.81,209.4,104,17.8,167.2,96,7.52,5.3,5,1.43,1,True.,2019-10-24
ID,77,415,362-9748,no,no,0,251.8,72,42.81,75.32,205.7,126,17.48,275.2,109,12.38,9.8,7,2.65,2,True.,2020-06-23
IA,98,510,379-6506,no,yes,21,161.2,114,27.4,57.24,252.2,83,21.44,160.2,92,7.21,4.4,8,1.19,4,False.,2019-11-12
MA,108,415,347-7741,no,no,0,178.3,137,30.31,56.13,189,76,16.07,129.1,102,5.81,14.6,5,3.94,0,False.,2019-10-06
VT,135,415,354-3783,no,no,0,151.7,82,25.79,46.85,119,105,10.12,180,100,8.1,10.5,6,2.84,0,False.,2020-05-15
KY,95,408,401-7594,no,no,0,135,99,22.95,52.98,183.6,106,15.61,245.3,102,11.04,12.5,9,3.38,1,False.,2020-03-18
IN,122,408,397-4976,no,no,0,170.5,94,28.99,57.99,173.7,109,14.76,248.6,75,11.19,11.3,2,3.05,1,False.,2020-07-28
AZ,95,408,334-2577,no,no,0,238.1,65,40.48,68.13,187.2,98,15.91,190,115,8.55,11.8,4,3.19,4,False.,2020-07-09
MI,36,510,400-3637,no,yes,29,281.4,102,47.84,75.88,202.2,76,17.19,187.2,113,8.42,9,6,2.43,2,False.,2019-06-09
NM,93,510,383-4361,no,yes,21,117.9,131,20.04,46.43,164.5,115,13.98,217,86,9.76,9.8,3,2.65,1,False.,2020-03-29
CO,141,415,371-4306,no,yes,32,148.6,91,25.26,49,131.1,97,11.14,219.4,142,9.87,10.1,1,2.73,1,False.,2019-08-17
UT,157,408,403-4298,no,no,0,229.8,90,39.07,65.09,147.9,121,12.57,241.4,108,10.86,9.6,7,2.59,3,False.,2020-01-26
MI,120,408,409-3786,no,no,0,165,100,28.05,62.61,317.2,83,26.96,119.2,86,5.36,8.3,8,2.24,1,False.,2020-02-06
MA,103,415,337-4697,no,no,0,185,117,31.45,63.86,223.3,94,18.98,222.8,91,10.03,12.6,2,3.4,2,False.,2020-01-19
AL,98,408,383-1509,no,no,0,161,117,27.37,57.12,190.9,113,16.23,227.7,113,10.25,12.1,4,3.27,4,False.,2020-02-10
DE,125,408,359-9794,no,no,0,126.7,108,21.54,53.79,206,90,17.51,247.8,114,11.15,13.3,7,3.59,1,False.,2020-01-15
AZ,63,415,407-7035,no,no,0,58.9,125,10.01,36.48,169.6,59,14.42,211.4,88,9.51,9.4,3,2.54,1,False.,2019-10-06
ME,36,510,363-1069,yes,yes,42,196.8,89,33.46,66.75,254.9,122,21.67,138.3,126,6.22,20,6,5.4,0,True.,2020-08-20
NJ,64,510,391-4652,no,no,0,162.6,83,27.64,47.01,152.3,109,12.95,57.5,122,2.59,14.2,3,3.83,1,False.,2020-07-20
NV,74,415,355-6837,no,no,0,282.5,114,48.03,76.91,219.9,48,18.69,170,115,7.65,9.4,4,2.54,1,True.,2019-08-20
MO,112,510,409-1244,no,yes,36,113.7,117,19.33,43.41,157.5,82,13.39,177.6,118,7.99,10,3,2.7,2,False.,2020-05-01
ID,97,408,328-3266,no,no,0,239.8,125,40.77,67.83,214.8,111,18.26,143.3,81,6.45,8.7,5,2.35,2,False.,2019-09-05
NE,46,408,352-7072,no,no,0,210.2,92,35.73,67.59,227.3,77,19.32,200.1,116,9,13.1,7,3.54,1,False.,2020-03-11
TX,41,408,370-7550,no,yes,22,213.8,102,36.35,56.74,141.8,86,12.05,142.2,123,6.4,7.2,3,1.94,0,False.,2019-12-01
MD,121,510,369-5526,no,no,0,190.7,103,32.42,60.61,183.5,117,15.6,220.8,103,9.94,9.8,4,2.65,3,False.,2019-12-05
MS,193,415,329-4391,no,no,0,170.9,124,29.05,48.51,132.3,95,11.25,112.9,89,5.08,11.6,3,3.13,1,False.,2019-07-01
NV,130,510,408-4195,no,no,0,154.2,119,26.21,48.29,110.2,98,9.37,227.4,117,10.23,9.2,5,2.48,2,False.,2020-03-08
AZ,85,408,354-4445,no,no,0,201.4,52,34.24,68.34,229.4,104,19.5,252.5,106,11.36,12,3,3.24,1,False.,2020-05-27
MS,162,415,335-4858,no,no,0,70.7,108,12.02,34.84,157.5,87,13.39,154.8,82,6.97,9.1,3,2.46,4,True.,2020-10-26
MS,61,510,414-8718,no,yes,27,187.5,124,31.88,56.23,146.6,103,12.46,225.7,129,10.16,6.4,6,1.73,4,True.,2019-10-02
TX,92,408,409-5939,no,no,0,91.7,90,15.59,42.41,193.7,123,16.46,175,86,7.88,9.2,4,2.48,2,False.,2020-10-21
NE,131,408,331-4902,no,yes,36,214.2,115,36.41,64.63,161.7,117,13.74,264.7,102,11.91,9.5,4,2.57,3,False.,2019-11-18
NE,90,415,353-6870,no,no,0,145.5,92,24.74,52.79,217.7,114,18.5,146.9,123,6.61,10.9,2,2.94,3,False.,2020-10-31
CA,75,408,355-2909,no,no,0,166.3,125,28.27,54.92,158.2,86,13.45,256.7,80,11.55,6.1,5,1.65,1,False.,2020-03-08
NJ,78,415,390-6101,no,no,0,231,115,39.27,73.18,230.4,140,19.58,261.4,120,11.76,9.5,3,2.57,1,False.,2019-06-06
TX,82,408,400-3446,no,no,0,200.3,96,34.05,62.34,201.2,102,17.1,206.1,60,9.27,7.1,1,1.92,4,False.,2019-07-01
AR,163,408,411-5859,no,no,0,197,109,33.49,62.46,202.6,128,17.22,206.4,80,9.29,9.1,10,2.46,1,False.,2019-09-02
AL,91,510,387-2919,yes,no,0,129.9,112,22.08,50.95,173.3,83,14.73,247.2,130,11.12,11.2,3,3.02,3,False.,2020-06-11
NY,75,415,374-8525,no,yes,21,175.8,97,29.89,60.5,217.5,106,18.49,237.5,134,10.69,5.3,4,1.43,5,False.,2020-02-01
FL,91,510,379-5592,no,no,0,203.1,106,34.53,64.43,210.1,113,17.86,195.6,129,8.8,12,3,3.24,3,False.,2020-01-17
AK,127,510,345-8237,no,yes,36,183.2,117,31.14,56.79,126.8,76,10.78,263.3,71,11.85,11.2,8,3.02,1,False.,2019-11-11
NV,113,415,422-6690,no,yes,23,205,101,34.85,57.66,152,60,12.92,158.6,59,7.14,10.2,5,2.75,2,False.,2020-10-07
DE,110,510,346-2359,no,no,0,148.5,115,25.25,60.8,276.4,84,23.49,193.6,112,8.71,12.4,3,3.35,1,False.,2019-12-26
MD,120,415,374-3534,no,yes,39,200.3,68,34.05,67.04,220.4,97,18.73,253.8,116,11.42,10.5,4,2.84,0,False.,2020-09-11
MI,157,415,381-4756,no,yes,28,192.6,107,32.74,56.14,195.5,74,16.62,109.7,139,4.94,6.8,5,1.84,3,False.,2020-01-05
VT,103,510,390-2805,no,no,0,246.5,47,41.91,70.71,195.5,84,16.62,200.5,96,9.02,11.7,4,3.16,1,False.,2019-09-16
VT,117,408,390-2390,yes,no,0,167.1,86,28.41,58.53,177.5,87,15.09,249.4,132,11.22,14.1,7,3.81,2,True.,2019-06-20
MI,140,415,419-9097,no,no,0,231.9,101,39.42,61.86,160.1,94,13.61,110.4,98,4.97,14.3,6,3.86,3,False.,2019-08-04
WA,127,408,386-7281,no,no,0,146.7,91,24.94,55.09,203.5,78,17.3,203.4,110,9.15,13.7,3,3.7,1,False.,2019-10-01
UT,83,408,380-3561,yes,no,0,271.5,87,46.16,73.16,216.3,126,18.39,121.1,105,5.45,11.7,4,3.16,1,False.,2020-02-05
LA,121,408,390-8760,no,no,0,181.5,121,30.86,58.99,218.4,98,18.56,161.6,103,7.27,8.5,5,2.3,1,False.,2020-07-05
RI,145,408,366-6730,no,yes,43,257.7,97,43.81,73.5,162.1,95,13.78,286.9,86,12.91,11.1,4,3,2,False.,2020-09-07
IA,113,408,395-5285,no,no,0,193.8,99,32.95,62.38,221.4,125,18.82,172.3,67,7.75,10.6,6,2.86,1,False.,2020-09-23
NE,117,415,354-3436,no,no,0,102.8,119,17.48,51.24,206.7,91,17.57,299,105,13.46,10.1,7,2.73,1,False.,2020-04-15
OH,65,408,336-7600,no,no,0,187.9,116,31.94,57.6,157.6,117,13.4,227.3,86,10.23,7.5,6,2.03,1,False.,2019-11-04
RI,56,415,383-6293,no,no,0,226,112,38.42,67.72,248.5,118,21.12,140.5,142,6.32,6.9,11,1.86,1,False.,2020-08-21
OK,96,415,362-4596,no,no,0,260.4,115,44.27,71.92,146,46,12.41,269.5,87,12.13,11.5,4,3.11,5,False.,2020-07-22
LA,151,408,401-3926,no,no,0,178.7,116,30.38,69.83,292.1,138,24.83,265.9,101,11.97,9.8,4,2.65,0,False.,2020-01-18
OH,83,415,370-9116,no,no,0,337.4,120,57.36,87.89,227.4,116,19.33,153.9,114,6.93,15.8,7,4.27,0,True.,2020-04-18
VA,139,510,328-6289,no,yes,23,157.6,129,26.79,63.15,247,96,21,259.2,112,11.66,13.7,2,3.7,0,False.,2019-07-14
MO,6,510,350-9994,no,no,0,183.6,117,31.21,63.82,256.7,72,21.82,178.6,79,8.04,10.2,2,2.75,1,False.,2020-06-01
FL,115,510,351-4616,no,yes,24,142.1,124,24.16,49.76,183.4,129,15.59,164.8,114,7.42,9.6,4,2.59,1,False.,2020-02-27
SC,87,415,360-5779,no,no,0,136.3,97,23.17,45.92,172.2,108,14.64,137.5,101,6.19,7.1,5,1.92,0,False.,2019-08-19
VA,141,415,417-4885,no,no,0,217.1,110,36.91,72.09,241.5,111,20.53,253.5,103,11.41,12,6,3.24,0,False.,2019-11-23
IA,141,510,406-4710,no,yes,36,187.5,99,31.88,65.57,241.4,116,20.52,229.5,105,10.33,10.5,5,2.84,3,False.,2020-06-11
MI,62,415,409-8743,no,no,0,98.9,103,16.81,42.26,135.4,122,11.51,236.6,82,10.65,12.2,1,3.29,1,False.,2019-10-16
OK,146,415,335-4584,no,no,0,206.3,151,35.07,56.87,148.6,89,12.63,167.2,91,7.52,6.1,3,1.65,1,False.,2020-05-04
DE,92,415,361-9845,no,yes,33,243.1,92,41.33,73.06,213.8,92,18.17,228.7,104,10.29,12.1,2,3.27,2,False.,2019-10-14
GA,185,510,366-5699,no,yes,31,189.8,126,32.27,60.1,163.3,133,13.88,264.8,126,11.92,7.5,3,2.03,1,False.,2019-11-09
DC,148,415,329-9364,no,no,0,202,102,34.34,69.71,243.2,128,20.67,261.3,90,11.76,10.9,3,2.94,1,False.,2020-10-01
AZ,94,408,390-7434,no,yes,38,170.1,124,28.92,53.58,193.3,116,16.43,105.9,73,4.77,12.8,4,3.46,1,False.,2019-08-26
AL,32,510,404-9680,no,no,0,230.9,87,39.25,63.81,187.4,90,15.93,154,53,6.93,6.3,2,1.7,0,False.,2020-09-13
CO,68,408,338-9398,no,no,0,237.1,105,40.31,67.25,223.5,105,19,97.4,79,4.38,13.2,2,3.56,1,False.,2020-07-12
NH,64,408,394-2445,no,yes,27,182.1,91,30.96,55.65,169.7,98,14.42,164.7,86,7.41,10.6,5,2.86,2,False.,2019-10-30
NM,25,415,381-2709,no,no,0,119.3,87,20.28,53.2,211.5,101,17.98,268.9,86,12.1,10.5,4,2.84,3,False.,2020-03-15
OR,65,415,397-5060,no,no,0,116.8,87,19.86,47.09,178.9,93,15.21,182.4,150,8.21,14.1,2,3.81,1,False.,2020-06-08
LA,179,408,415-2393,no,no,0,219.2,92,37.26,62.62,149.4,125,12.7,244.7,104,11.01,6.1,5,1.65,0,False.,2020-04-26
NE,94,415,377-1765,no,no,0,252.6,104,42.94,68,169,125,14.37,170.9,106,7.69,11.1,7,3,2,False.,2020-10-11
MN,62,415,409-2111,no,no,0,147.1,91,25.01,53.26,190.4,107,16.18,195.2,115,8.78,12.2,3,3.29,0,False.,2019-08-05
MI,127,415,401-3170,no,no,0,202.1,103,34.36,65.75,229.4,86,19.5,195.2,113,8.78,11.5,3,3.11,2,False.,2020-09-22
AR,116,408,405-5681,no,no,0,173.5,93,29.5,59.73,194.1,76,16.5,208,112,9.36,16.2,10,4.37,3,False.,2020-08-21
KS,70,408,411-4582,no,no,0,232.1,122,39.46,73.36,292.3,112,24.85,201.2,112,9.05,0,0,0,3,False.,2020-07-20
WV,94,510,355-5009,yes,yes,23,197.1,125,33.51,67.01,214.5,136,18.23,282.2,103,12.7,9.5,5,2.57,4,False.,2019-10-04
AK,126,415,372-3750,no,no,0,58.2,94,9.89,31.05,138.7,118,11.79,136.8,91,6.16,11.9,1,3.21,5,True.,2020-04-08
NY,67,408,405-2888,no,yes,36,115.6,111,19.65,50.17,237.7,94,20.2,169.9,103,7.65,9.9,12,2.67,2,False.,2019-11-11
NH,19,408,361-3337,no,no,0,186.1,98,31.64,66.83,254.3,57,21.62,214,127,9.63,14.6,7,3.94,2,False.,2020-03-16
VA,170,510,350-1639,yes,no,0,259.9,68,44.18,73.33,245,122,20.83,134.4,121,6.05,8.4,3,2.27,3,False.,2020-07-20
NM,73,415,333-3221,no,no,0,214.3,145,36.43,73.02,268.5,135,22.82,241.2,92,10.85,10.8,13,2.92,1,False.,2020-08-18
NY,106,408,422-1471,no,no,0,158.7,74,26.98,44.13,64.3,139,5.47,198.5,103,8.93,10.2,4,2.75,1,False.,2019-12-13
AZ,93,415,399-7865,no,no,0,271.6,71,46.17,72.09,229.4,108,19.5,77.3,121,3.48,10.9,3,2.94,2,False.,2019-06-20
WY,164,510,373-4819,no,no,0,160.6,111,27.3,52.02,163.2,126,13.87,187.1,112,8.42,9,3,2.43,1,False.,2020-11-05
WA,51,408,338-6981,no,no,0,232.4,109,39.51,68.3,187.4,95,15.93,231.2,107,10.4,9.1,3,2.46,1,False.,2020-05-26
CO,107,415,418-4365,no,no,0,133.8,85,22.75,45.54,180.5,94,15.34,112.2,115,5.05,8.9,4,2.4,0,False.,2019-11-04
TX,130,415,359-5461,no,no,0,176.9,109,30.07,51.06,90.7,104,7.71,238,69,10.71,9.5,2,2.57,1,False.,2020-04-30
KY,80,408,375-3586,no,no,0,209.9,74,35.68,64.01,195.1,77,16.58,208.2,119,9.37,8.8,4,2.38,2,False.,2020-09-08
MT,94,415,407-8376,no,no,0,137.5,118,23.38,51.02,203.2,88,17.27,150,131,6.75,13.4,2,3.62,0,False.,2020-08-20
OK,118,408,408-6496,no,yes,23,289.5,52,49.22,71.31,166.6,111,14.16,119.1,88,5.36,9.5,4,2.57,1,False.,2019-11-28
MD,117,415,385-7688,no,yes,23,198.1,86,33.68,58.69,177,86,15.05,180.5,92,8.12,6.8,6,1.84,1,False.,2020-08-01
TN,78,415,332-6934,no,no,0,149.7,119,25.45,55.33,182.2,115,15.49,261.5,126,11.77,9.7,8,2.62,0,False.,2019-12-07
TX,208,510,378-3625,no,no,0,326.5,67,55.51,81.57,176.3,113,14.99,181.7,102,8.18,10.7,6,2.89,2,True.,2020-01-14
ME,131,510,353-7292,yes,yes,26,292.9,101,49.79,81.98,199.7,97,16.97,255.3,127,11.49,13.8,7,3.73,4,True.,2019-10-30
DC,63,408,399-6786,no,no,0,83,64,14.11,43.73,177,106,15.05,245.7,89,11.06,13,3,3.51,0,False.,2020-01-13
MN,53,415,358-3261,no,yes,24,145.7,146,24.77,58.3,220.5,136,18.74,249.9,96,11.25,13.1,5,3.54,3,False.,2020-03-03
DE,62,408,377-9932,no,no,0,182.3,101,30.99,72.94,328.2,93,27.9,245,131,11.03,11.2,1,3.02,2,False.,2019-11-28
MD,97,415,397-4030,no,no,0,218,86,37.06,65.25,184,94,15.64,240.5,110,10.82,6.4,8,1.73,3,False.,2019-09-05
MI,105,510,367-1062,no,no,0,140.6,109,23.9,50.68,178.6,51,15.18,217,83,9.76,6.8,3,1.84,2,False.,2020-04-14
WA,157,415,341-8467,no,no,0,152.7,105,25.96,59.3,257.5,80,21.89,198.1,93,8.91,9.4,4,2.54,1,False.,2019-11-07
MO,66,415,339-9453,no,yes,36,106.7,76,18.14,47.81,209.8,77,17.83,190.4,117,8.57,12.1,2,3.27,1,False.,2019-11-25
IN,122,415,344-3388,no,no,0,243.8,98,41.45,60.37,83.9,72,7.13,179.8,84,8.09,13.7,8,3.7,2,False.,2019-10-18
OR,38,415,375-8013,no,no,0,194.4,94,33.05,61.89,186.7,95,15.87,223.3,90,10.05,10.8,5,2.92,3,False.,2019-06-14
MD,106,510,408-4142,no,no,0,213.9,95,36.36,64.26,151.9,70,12.91,260.1,124,11.7,12.2,5,3.29,3,False.,2020-02-15
RI,99,510,386-3671,no,no,0,217.2,112,36.92,72.33,246.7,89,20.97,226.1,89,10.17,15.8,7,4.27,3,False.,2019-09-11
LA,99,415,411-2284,no,no,0,241.1,72,40.99,65.82,155.6,98,13.23,188.2,109,8.47,11.6,10,3.13,1,False.,2020-06-25
AZ,144,510,346-7795,yes,no,0,203.5,100,34.6,67.6,247.6,103,21.05,194.3,94,8.74,11.9,11,3.21,0,False.,2020-02-25
PA,82,415,333-5609,no,yes,24,155.2,131,26.38,55.56,244.5,106,20.78,122.4,68,5.51,10.7,3,2.89,1,False.,2020-06-02
AZ,86,408,405-1842,no,yes,31,167.6,139,28.49,52.5,113,118,9.61,246.9,121,11.11,12.2,6,3.29,1,False.,2020-01-17
FL,70,510,366-6345,yes,no,0,226.7,98,38.54,65.97,228.1,115,19.39,73.2,93,3.29,17.6,4,4.75,2,True.,2020-03-03
LA,93,415,337-9345,no,no,0,179.3,93,30.48,58.9,178.6,98,15.18,225.2,131,10.13,11.5,6,3.11,3,False.,2020-10-30
FL,93,415,328-6770,no,no,0,151.4,89,25.74,52.28,186.4,76,15.84,172.5,120,7.76,10.9,3,2.94,0,False.,2020-10-10
FL,120,415,380-7321,no,no,0,180,80,30.6,62.87,224.2,82,19.06,265.4,91,11.94,4.7,7,1.27,3,False.,2020-05-22
MD,136,415,375-1476,no,no,0,250.2,121,42.53,75.54,267.1,118,22.7,151,114,6.8,13,2,3.51,1,True.,2020-01-18
AL,106,415,356-1567,no,no,0,223,121,37.91,57.68,110.1,98,9.36,188.7,107,8.49,7.1,12,1.92,0,False.,2020-09-05
WA,81,415,422-6685,no,no,0,183.6,116,31.21,57.02,152.6,98,12.97,212.2,99,9.55,12.2,6,3.29,3,False.,2020-06-02
TN,127,408,336-1090,no,yes,22,166,114,28.22,56.82,174.5,103,14.83,244.9,68,11.02,10.2,6,2.75,1,False.,2019-08-10
MS,65,415,343-2095,no,no,0,136.1,112,23.14,57.44,272.9,96,23.2,220.2,104,9.91,4.4,2,1.19,1,False.,2020-05-15
ME,35,408,345-3934,no,no,0,149.3,113,25.38,56.21,242.2,122,20.59,174.3,104,7.84,8.9,6,2.4,2,False.,2020-04-04
OK,88,408,338-8050,no,no,0,65.4,97,11.12,39.77,168.2,76,14.3,236,113,10.62,13.8,1,3.73,2,False.,2020-02-15
IN,65,415,388-9568,no,no,0,213.4,111,36.28,68.19,234.5,94,19.93,250.1,123,11.25,2.7,4,0.73,1,False.,2019-09-09
MO,123,415,402-6591,no,no,0,206.9,85,35.17,68.02,244.7,78,20.8,221.5,136,9.97,7.7,2,2.08,3,False.,2019-07-10
IA,126,408,403-6419,no,yes,27,186.2,78,31.65,53.8,189.6,83,16.12,76.5,139,3.44,9.6,3,2.59,2,False.,2019-08-16
VA,104,415,386-9790,no,yes,23,280.2,136,47.63,76.12,220.5,92,18.74,136.9,102,6.16,13.3,3,3.59,4,False.,2020-09-08
KY,45,415,378-5692,no,yes,22,196.6,84,33.42,70.6,313.2,92,26.62,163.3,108,7.35,11.9,3,3.21,0,False.,2019-11-08
MD,93,408,360-3324,yes,no,0,312,109,53.04,76.67,129.4,100,11,217.6,74,9.79,10.5,2,2.84,0,True.,2019-10-15
OH,63,415,410-3719,yes,yes,36,199,110,33.83,70.45,291.3,111,24.76,197.6,92,8.89,11,6,2.97,1,False.,2019-08-27
OK,100,415,352-4221,no,no,0,203.1,96,34.53,64.77,217,126,18.45,180.9,122,8.14,13.5,2,3.65,3,False.,2019-07-20
NV,53,415,327-6179,no,no,0,168.8,97,28.7,57.31,220.3,87,18.73,154.3,113,6.94,10.9,2,2.94,0,False.,2020-09-25
ID,92,415,359-6196,yes,no,0,173.1,140,29.43,62.78,240.3,105,20.43,233.2,117,10.49,9,5,2.43,1,False.,2020-03-12
MN,139,510,374-9107,no,no,0,134.4,106,22.85,52.27,211.3,98,17.96,193.6,125,8.71,10.2,2,2.75,5,True.,2020-06-06
SD,110,408,357-4078,no,yes,40,202.6,103,34.44,57.54,118.8,128,10.1,234.9,98,10.57,9,9,2.43,2,False.,2019-09-01
IL,110,408,366-5780,no,no,0,74.5,117,12.67,41.04,200.8,98,17.07,192.2,101,8.65,9.8,7,2.65,3,False.,2019-11-24
WY,215,510,393-9619,no,no,0,83.6,148,14.21,37.58,120.9,91,10.28,226.6,110,10.2,10.7,9,2.89,0,False.,2020-03-08
AL,73,415,355-9295,no,no,0,192.2,86,32.67,55.83,168.6,116,14.33,139.8,87,6.29,9.4,6,2.54,1,False.,2020-07-13
NJ,138,510,400-5751,no,no,0,220.2,89,37.43,57.21,88.3,125,7.51,195.3,79,8.79,12.9,5,3.48,0,False.,2019-12-02
NV,137,415,338-1027,yes,no,0,135.1,95,22.97,47.73,134.1,102,11.4,223.1,81,10.04,12.3,2,3.32,2,True.,2019-10-30
IN,36,415,405-8867,no,no,0,253.4,77,43.08,73.26,182.4,151,15.5,275.8,103,12.41,8.4,2,2.27,1,False.,2020-07-31
WV,85,408,336-5616,no,no,0,225,81,38.25,63.95,176.9,63,15.04,194.3,110,8.74,7.1,2,1.92,3,False.,2019-08-22
VA,108,408,335-1697,no,no,0,198.5,99,33.75,75.02,267.8,60,22.76,354.9,75,15.97,9.4,3,2.54,0,True.,2019-12-18
SC,22,408,331-5138,no,no,0,110.3,107,18.75,44.57,166.5,93,14.15,202.3,96,9.1,9.5,5,2.57,0,False.,2019-06-16
RI,107,415,385-8240,no,yes,37,60,102,10.2,33.67,102.2,80,8.69,261.8,106,11.78,11.1,3,3,0,False.,2020-01-10
IN,51,510,348-1359,no,no,0,214.8,94,36.52,64.74,149.7,58,12.72,283.4,66,12.75,10.2,5,2.75,0,False.,2020-07-02
AZ,94,408,354-7339,no,no,0,181.8,85,30.91,61.66,202.4,98,17.2,245.9,97,11.07,9.2,2,2.48,4,False.,2020-09-14
NM,119,510,349-1687,no,yes,23,154,114,26.18,63.28,278,137,23.63,228.4,112,10.28,11.8,4,3.19,2,False.,2020-06-22
OR,33,415,380-2558,no,yes,29,157.4,99,26.76,53.09,117.9,80,10.02,279.2,79,12.56,13.9,11,3.75,4,True.,2019-06-27
NJ,106,415,365-2153,no,no,0,207.9,91,35.34,62.48,172,109,14.62,191.8,143,8.63,14.4,7,3.89,4,False.,2019-09-04
MS,82,408,345-6043,no,no,0,207,90,35.19,65.21,232.9,83,19.8,172.4,108,7.76,9.1,8,2.46,3,False.,2019-11-23
MI,86,510,349-2808,no,yes,41,119,101,20.23,53.01,230,134,19.55,236.9,58,10.66,9.5,3,2.57,0,False.,2019-12-26
TX,97,415,411-1715,yes,no,0,143.7,117,24.43,58.6,273,82,23.21,178.3,81,8.02,10.9,3,2.94,0,False.,2020-05-09
FL,106,408,385-2488,no,yes,32,165.9,126,28.2,58.2,216.5,93,18.4,173.1,86,7.79,14.1,8,3.81,4,False.,2020-03-28
DC,108,510,377-7177,no,no,0,138.6,122,23.56,51.28,172.3,117,14.65,231.6,92,10.42,9.8,3,2.65,1,False.,2020-06-30
TX,114,415,342-1099,no,no,0,84.7,118,14.4,48.26,249.9,86,21.24,193.4,95,8.7,14.5,8,3.92,1,False.,2020-04-09
KS,92,408,386-4170,yes,no,0,62.6,111,10.64,38.78,180.6,126,15.35,221.7,80,9.98,10.4,2,2.81,1,True.,2019-08-23
UT,59,510,413-1269,no,no,0,155.2,79,26.38,56.35,235.3,123,20,169.4,80,7.62,8.7,4,2.35,1,False.,2019-10-17
MN,24,510,396-4460,no,yes,25,164.9,110,28.03,58.03,209.3,105,17.79,231.2,55,10.4,6.7,9,1.81,1,False.,2020-02-27
IL,151,408,334-2730,no,no,0,134.5,88,22.87,49.27,143.1,112,12.16,223.9,61,10.08,15.4,1,4.16,1,False.,2019-09-14
NM,117,415,340-3182,no,no,0,143.3,103,24.36,53.76,211.3,108,17.96,185.2,96,8.33,11.5,3,3.11,1,False.,2020-07-07
SC,78,510,377-8608,no,no,0,168.3,110,28.61,61.64,221.2,73,18.8,241,136,10.85,12.5,1,3.38,1,False.,2019-10-17
NC,155,408,417-3676,no,no,0,262.4,55,44.61,69.98,194.6,113,16.54,146.5,85,6.59,8.3,6,2.24,2,False.,2020-04-05
WV,114,510,417-6774,no,yes,30,206.2,79,35.05,73.35,260,91,22.1,291.6,83,13.12,11.4,6,3.08,1,False.,2020-08-19
RI,114,510,411-9554,no,yes,28,225.8,94,38.39,67.53,193,117,16.41,232.4,100,10.46,8.4,9,2.27,4,False.,2020-05-18
NH,119,408,420-3192,no,no,0,138.3,89,23.51,53.53,170.5,78,14.49,263.9,98,11.88,13.5,6,3.65,3,False.,2020-10-08
MO,64,510,389-1475,no,yes,48,94.4,104,16.05,35.48,136.2,101,11.58,147.4,89,6.63,4.5,4,1.22,0,False.,2019-09-04
MA,118,408,343-7734,yes,no,0,160,123,27.2,53.1,175.4,96,14.91,184.8,99,8.32,9.9,3,2.67,2,False.,2020-04-05
PA,101,415,410-3390,no,no,0,206.6,105,35.12,69.43,224.9,117,19.12,249.9,100,11.25,14.6,3,3.94,0,False.,2019-08-02
OK,117,415,344-6495,no,no,0,134.7,121,22.9,49.32,180,83,15.3,200.9,104,9.04,7.7,3,2.08,1,False.,2019-07-26
AL,49,415,331-6229,no,yes,28,214.4,78,36.45,67.88,235.2,100,19.99,206.2,107,9.28,8,13,2.16,3,False.,2020-06-30
WY,139,415,337-7501,no,no,0,192.8,104,32.78,65.35,234.4,96,19.92,203.2,101,9.14,13,3,3.51,3,False.,2020-08-15
PA,92,408,339-9631,no,yes,28,151.1,90,25.69,55.71,194.8,79,16.56,239.2,114,10.76,10,3,2.7,1,False.,2019-06-11
WA,83,415,369-4384,no,no,0,221.4,103,37.64,65.5,231.8,103,19.7,122.5,100,5.51,9.8,5,2.65,3,False.,2019-09-07
HI,148,510,416-3915,yes,no,0,218.9,88,37.21,67.04,208,85,17.68,203.3,99,9.15,11.1,4,3,0,False.,2019-07-20
SD,144,408,339-3049,no,yes,48,189.8,96,32.27,54.16,123.4,67,10.49,214.2,106,9.64,6.5,2,1.76,2,True.,2020-03-22
AL,131,415,361-7998,no,yes,25,192.7,85,32.76,66.34,225.9,105,19.2,254.2,59,11.44,10.9,6,2.94,2,False.,2020-02-23
VT,146,510,355-4842,yes,no,0,204.4,135,34.75,66.23,219.1,90,18.62,222.7,114,10.02,10.5,6,2.84,3,False.,2019-09-12
MT,143,415,387-6440,no,no,0,172.3,97,29.29,56.06,174,108,14.79,188.2,119,8.47,13,4,3.51,2,False.,2020-09-10
MN,81,415,369-2625,no,no,0,198.4,93,33.73,63.17,210.9,108,17.93,193.3,71,8.7,10.4,6,2.81,2,False.,2019-09-23
AK,48,415,389-7073,no,yes,37,211.7,115,35.99,59.35,159.9,84,13.59,144.1,80,6.48,12.2,1,3.29,1,False.,2020-04-19
MI,86,415,370-8463,no,yes,28,221.6,74,37.67,75.42,288.4,100,24.51,240.3,105,10.81,9,2,2.43,1,False.,2020-01-30
DE,71,415,362-7318,no,no,0,197.9,108,33.64,63.54,181.5,109,15.43,281.4,56,12.66,6.7,5,1.81,3,False.,2020-03-18
SD,145,408,412-1194,no,yes,24,147.5,90,25.08,55.56,175.7,108,14.93,252.1,102,11.34,15.6,3,4.21,2,False.,2020-07-18
MI,137,510,355-9508,no,no,0,206.4,122,35.09,57.1,128,102,10.88,194.5,84,8.75,8.8,5,2.38,2,False.,2019-09-16
KS,137,408,352-8202,no,no,0,205.9,88,35,69.76,209.3,86,17.79,289.9,84,13.05,14.5,4,3.92,2,False.,2020-08-04
AL,167,510,335-5882,no,no,0,207.6,88,35.29,61.83,132.4,63,11.25,255.2,98,11.48,14.1,5,3.81,0,False.,2020-08-13
OK,89,510,352-6976,no,no,0,303.9,95,51.66,89.31,260.9,114,22.18,312.1,89,14.04,5.3,3,1.43,1,True.,2020-09-22
CT,199,415,393-6733,no,yes,34,230.6,121,39.2,73.48,219.4,99,18.65,299.3,94,13.47,8,2,2.16,0,False.,2019-08-16
NE,132,510,335-1838,no,no,0,99.5,110,16.92,36.14,129.1,80,10.97,125.1,124,5.63,9.7,3,2.62,0,False.,2019-08-18
WI,94,510,355-6930,no,no,0,177.1,112,30.11,54.79,194,112,16.49,146.7,108,6.6,5.9,4,1.59,1,False.,2020-03-23
CT,96,415,387-5860,no,yes,37,172.7,93,29.36,52.07,120.1,116,10.21,216.1,86,9.72,10.3,5,2.78,5,True.,2020-03-12
WI,96,510,343-2605,no,yes,18,172.7,86,29.36,55.03,133.4,113,11.34,259.5,70,11.68,9.8,3,2.65,1,False.,2020-03-06
IN,166,510,350-6759,no,no,0,204.2,115,34.71,62.33,179.9,152,15.29,216.8,109,9.76,9.5,5,2.57,1,False.,2019-10-25
DC,74,415,371-1514,no,no,0,85.7,83,14.57,44.76,247.7,67,21.05,142.4,85,6.41,10.1,5,2.73,2,False.,2019-08-26
AR,36,415,346-9317,no,no,0,157.6,117,26.79,56.49,184.3,58,15.67,240.4,99,10.82,11.9,1,3.21,0,False.,2019-10-21
ME,113,415,398-4313,no,no,0,215.5,129,36.64,66.33,218.7,117,18.59,207.1,91,9.32,6.6,9,1.78,4,False.,2020-04-18
